{"cameraMode":{"drawMode":0,"name":"Shaded","section":"Shading Mode"},"sceneLighting":true,"audioPlay":false,"sceneViewState":{"m_AlwaysRefresh":false,"showFog":true,"showSkybox":true,"showFlares":true,"showImageEffects":true,"showParticleSystems":true,"showVisualEffectGraphs":true,"m_FxEnabled":true},"in2DMode":false,"pivot":{"x":462.5543212890625,"y":317.214599609375,"z":-84.76671600341797},"rotation":{"x":0.03630099073052406,"y":0.010489042848348618,"z":-0.0003782195271924138,"w":0.9992966055870056},"size":255.6750030517578,"orthographic":false}