{"cameraMode":{"drawMode":0,"name":"Shaded","section":"Shading Mode"},"sceneLighting":true,"audioPlay":false,"sceneViewState":{"m_AlwaysRefresh":false,"showFog":true,"showSkybox":true,"showFlares":true,"showImageEffects":true,"showParticleSystems":true,"showVisualEffectGraphs":true,"m_FxEnabled":true},"in2DMode":false,"pivot":{"x":5.859739303588867,"y":1.860314130783081,"z":2.9939587116241457},"rotation":{"x":0.22164291143417359,"y":0.05116311460733414,"z":-0.011646764352917672,"w":0.9737235903739929},"size":29.417734146118165,"orthographic":false}