{"cameraMode":{"drawMode":0,"name":"Shaded","section":"Shading Mode"},"sceneLighting":true,"audioPlay":false,"sceneViewState":{"m_AlwaysRefresh":false,"showFog":true,"showSkybox":true,"showFlares":true,"showImageEffects":true,"showParticleSystems":true,"showVisualEffectGraphs":true,"m_FxEnabled":true},"in2DMode":false,"pivot":{"x":-0.06307531893253327,"y":4.5387091636657719,"z":-6.475698471069336},"rotation":{"x":0.46282029151916506,"y":0.26580238342285159,"z":-0.14774073660373689,"w":0.8326629996299744},"size":0.9153146743774414,"orthographic":false}