{"cameraMode":{"drawMode":0,"name":"Shaded","section":"Shading Mode"},"sceneLighting":false,"audioPlay":false,"sceneViewState":{"m_AlwaysRefresh":false,"showFog":true,"showSkybox":false,"showFlares":true,"showImageEffects":true,"showParticleSystems":true,"showVisualEffectGraphs":true,"m_FxEnabled":true},"in2DMode":false,"pivot":{"x":-0.09758438915014267,"y":-0.09592554718255997,"z":0.0015346778091043234},"rotation":{"x":0.2946975827217102,"y":0.08299703150987625,"z":-0.02570340968668461,"w":0.9516347646713257},"size":3.7743492126464845,"orthographic":false}